{
  "controller/Main.controller.js": 1613676314013,
  "manifest.json": 1614200653217,
  "model/models.js": 1613418543793,
  "i18n/i18n.properties": 1613418543793,
  "Component.js": 1613596159957,
  "manifest-bundle.zip": 1614200652796,
  "Component-preload.js": 1614200653170,
  "Component-dbg.js": 1613596159957,
  "controller/Main-dbg.controller.js": 1613676314013,
  "model/models-dbg.js": 1613418543793,
  "resources.json": 1614200653220,
  "view/Main.view.xml": 1613588941371,
  "css/style.css": 1613418543793,
  "index.html": 1613418543793
}