{
  "welcomeFile": "/index.html",
  "authenticationMethod": "route",
  "logout": {
    "logoutEndpoint": "/do/logout"
  },
  "routes": [
     {
        "source": "^/bpmworkflowruntime/(.*)$",
        "target": "/$1",
        "service": "com.sap.bpm.workflow",
        "endpoint": "workflow_rest_url",
        "authenticationType": "xsuaa"
    },
    {
        "source": "^/Northwind_Dest/(.*)$",
        "target": "$1",
        "authenticationType": "none",
        "destination": "northwind"
    },       
    {
      "source": "^(.*)$",
      "target": "$1",
      "service": "html5-apps-repo-rt",
      "authenticationType": "xsuaa"
    }
  ]
}
