{
  "controller/Main-dbg.controller.js": 1613321059842,
  "Component.js": 1613681649638,
  "model/models.js": 1613321059838,
  "controller/Main.controller.js": 1613321059842,
  "manifest.json": 1614200648424,
  "manifest-bundle.zip": 1614200648035,
  "Component-preload.js": 1614200648373,
  "i18n/i18n.properties": 1613427283699,
  "model/models-dbg.js": 1613321059838,
  "Component-dbg.js": 1613681649638,
  "resources.json": 1614200648427,
  "view/Main.view.xml": 1613428024065,
  "css/style.css": 1613321059838,
  "index.html": 1613321059838
}